<?xml version="1.0" encoding="ISO-8859-1"?><metadata><idinfo><citation><citeinfo><origin>U.S. Geological Survey</origin><pubdate>201504</pubdate><title>1:1,000,000-Scale Congressional Districts of the United States - 114th Congress</title><geoform>Vector digital data</geoform><pubinfo><pubplace>Rolla, MO</pubplace><publish>National Geospatial Program, The National Map Small Scale</publish></pubinfo><onlink>http://nationalmap.gov/small_scale/atlasftp.html</onlink></citeinfo></citation><descript><abstract>This map layer portrays the Congressional districts of the United States, Puerto Rico, and
the U.S. Virgin Islands, for the 114th Congress.</abstract><purpose>These data are intended for geographic display and analysis at the national level, and for large
regional areas.  The data should be displayed and analyzed at scales appropriate
for 1:1,000,000-scale data.  No responsibility is assumed by the U.S. Geological Survey in the use
of these data.</purpose><supplinf>Many States have more detailed Congressional district information available online; please contact
the applicable State government for further information.</supplinf></descript><timeperd><timeinfo><sngdate><caldate>201504</caldate></sngdate></timeinfo><current>Publication date</current></timeperd><status><progress>Complete</progress><update>Semi-annually</update></status><spdom><bounding><westbc>170</westbc><eastbc>-64</eastbc><northbc>72</northbc><southbc>17</southbc></bounding></spdom><keywords><theme><themekt>ISO 19115 Topic Category</themekt><themekey>Boundaries</themekey></theme><theme><themekt>None</themekt><themekey>Boundaries</themekey><themekey>Congress</themekey><themekey>Congressional District boundaries</themekey><themekey>Congressional Districts</themekey><themekey>Delegate Districts</themekey><themekey>House of Representatives</themekey><themekey>State boundaries</themekey><themekey>States</themekey><themekey>Senate</themekey></theme><place><placekt>ISO 3166 Country Codes, Organization for International Standards,
http://www.iso.org/iso/country_names_and_code_elements.</placekt><placekey>United States</placekey><placekey>US</placekey><placekey>USA</placekey></place><place><placekt>American National Standards Institute (ANSI) Codes for States, the District of Columbia, Puerto
Rico, and the Insular Areas of the United States;
http://www.census.gov/geo/reference/ansi_statetables.html</placekt><placekey>Alabama</placekey><placekey>Alaska</placekey><placekey>Arizona</placekey><placekey>Arkansas</placekey><placekey>California</placekey><placekey>Colorado</placekey><placekey>Connecticut</placekey><placekey>Delaware</placekey><placekey>District of Columbia</placekey><placekey>Florida</placekey><placekey>Georgia</placekey><placekey>Hawaii</placekey><placekey>Idaho</placekey><placekey>Illinois</placekey><placekey>Indiana</placekey><placekey>Iowa</placekey><placekey>Kansas</placekey><placekey>Kentucky</placekey><placekey>Louisiana</placekey><placekey>Maine</placekey><placekey>Maryland</placekey><placekey>Massachusetts</placekey><placekey>Michigan</placekey><placekey>Minnesota</placekey><placekey>Mississippi</placekey><placekey>Missouri</placekey><placekey>Montana</placekey><placekey>Nebraska</placekey><placekey>Nevada</placekey><placekey>New Hampshire</placekey><placekey>New Jersey</placekey><placekey>New Mexico</placekey><placekey>New York</placekey><placekey>North Carolina</placekey><placekey>North Dakota</placekey><placekey>Ohio</placekey><placekey>Oklahoma</placekey><placekey>Oregon</placekey><placekey>Pennsylvania</placekey><placekey>Rhode Island</placekey><placekey>South Carolina</placekey><placekey>South Dakota</placekey><placekey>Tennessee</placekey><placekey>Texas</placekey><placekey>Utah</placekey><placekey>Vermont</placekey><placekey>Virginia</placekey><placekey>Washington</placekey><placekey>West Virginia</placekey><placekey>Wisconsin</placekey><placekey>Wyoming</placekey><placekey>Puerto Rico</placekey><placekey>Virgin Islands</placekey><placekey>U.S. Virgin Islands</placekey></place></keywords><accconst>None</accconst><useconst>None.  Acknowledgment of the National Geospatial Program, The National Map Small Scale and (or)
the U.S. Geological Survey would be appreciated in products derived from these data.</useconst><ptcontac><cntinfo><cntorgp><cntorg>National Geospatial Program, The National Map Small Scale</cntorg></cntorgp><cntaddr><addrtype>Mailing and physical address</addrtype><address>U.S. Geological Survey</address><address>511 National Center</address><address>12201 Sunrise Valley Drive</address><city>Reston</city><state>VA</state><postal>20192</postal></cntaddr><cntvoice>1-888-ASK-USGS (1-888-275-8747)</cntvoice><cntemail>tnm_help@usgs.gov</cntemail><cntinst>For questions about this map layer or metadata, please contact The National Map Small Scale using
the information above, or through the U.S. Geological Survey contact page at
http://www.usgs.gov/ask/.  For distribution questions, please see the Distribution Information
elsewhere in this metadata.</cntinst></cntinfo></ptcontac></idinfo><dataqual><logic>The map layer was checked for topological consistency using ArcGIS.  No other checks for logical
consistency were performed on this map layer.</logic><complete>This map layer includes Congressional districts for the United States, Puerto Rico, and the U.S.
Virgin Islands.</complete><lineage><srcinfo><srccite><citeinfo><origin>U.S. Geological Survey</origin><pubdate>201304</pubdate><title>1:1,000,000-Scale Congressional Districts of the United States - 113th Congress</title><pubinfo><pubplace>Rolla, MO</pubplace><publish>National Geospatial Program, The National Map Small Scale</publish></pubinfo><onlink>http://nationalmap.gov/small_scale/atlasftp.html</onlink></citeinfo></srccite><typesrc>Online</typesrc><srctime><timeinfo><sngdate><caldate>201304</caldate></sngdate></timeinfo><srccurr>Publication date</srccurr></srctime><srccitea>CD113</srccitea><srccontr>Spatial and attribute information</srccontr></srcinfo><srcinfo><srccite><citeinfo><origin>Wikipedia: The free encyclopedia</origin><pubdate>20150315</pubdate><title>List of freshman class members of the 114th United States Congress</title><onlink>http://en.wikipedia.org/wiki/List_of_freshman_class_members_of_the_114th_United_States_Congress</onlink></citeinfo></srccite><typesrc>Online</typesrc><srctime><timeinfo><sngdate><caldate>20150315</caldate></sngdate></timeinfo><srccurr>Retrieval date</srccurr></srctime><srccitea>Freshman114</srccitea><srccontr>Attribute information</srccontr></srcinfo><srcinfo><srccite><citeinfo><origin>United States House of Representatives</origin><pubdate>2015</pubdate><title>Directory of Representatives</title><pubinfo><pubplace>Washington, DC</pubplace><publish>United States House of Representatives</publish></pubinfo><onlink>http://www.house.gov/representatives/</onlink></citeinfo></srccite><typesrc>Online</typesrc><srctime><timeinfo><sngdate><caldate>201503</caldate></sngdate></timeinfo><srccurr>Retrieval date</srccurr></srctime><srccitea>House</srccitea><srccontr>Attribute information</srccontr></srcinfo><srcinfo><srccite><citeinfo><origin>United States Senate</origin><pubdate>2015</pubdate><title>Senators of the 114th Congress</title><pubinfo><pubplace>Washington, DC</pubplace><publish>United States Senate</publish></pubinfo><onlink>https://www.senate.gov/general/contact_information/senators_cfm.cfm</onlink></citeinfo></srccite><typesrc>Online</typesrc><srctime><timeinfo><sngdate><caldate>201503</caldate></sngdate></timeinfo><srccurr>Retrieval date</srccurr></srctime><srccitea>Senate</srccitea><srccontr>Attribute information</srccontr></srcinfo><procstep><procdesc>Starting with the data from CD113, the lists of Congressional representatives and senators were
updated using the Freshman114, House, and Senate data sources.  There are no Congressional
District boundary changes between the 113th and 114th Congress.
In CD113, the Hawaii second district was mapped as multiple features.  Those features were merged
into a single multi-part feature.
The map layer was saved in shapefile and in file geodatabase formats.</procdesc><srcused>CD113</srcused><srcused>Freshman114</srcused><srcused>House</srcused><srcused>Senate</srcused><procdate>201503</procdate></procstep></lineage></dataqual><spdoinfo><direct>Vector</direct><ptvctinf><sdtsterm><sdtstype>G-Polygon</sdtstype><ptvctcnt>438</ptvctcnt></sdtsterm></ptvctinf></spdoinfo><spref><horizsys><geograph><latres>0.000278</latres><longres>0.000278</longres><geogunit>Decimal degrees</geogunit></geograph><geodetic><horizdn>North American Datum of 1983</horizdn><ellips>GRS1980</ellips><semiaxis>6378137</semiaxis><denflat>298.257222</denflat></geodetic></horizsys></spref><eainfo><detailed><enttyp><enttypl>Congressional district</enttypl><enttypd>Legislatively defined subdivisions of a State for the purpose of electing representatives or
delegates to the House of Representatives of the United States Congress.</enttypd><enttypds>National Atlas of the United States</enttypds></enttyp><attr><attrlabl>Shape</attrlabl><attrdef>The representation of the entity in the data.</attrdef><attrdefs>National Atlas of the United States</attrdefs><attrdomv><edom><edomv>Polygon</edomv><edomvd>2-dimensional element</edomvd><edomvds>ESRI GIS software</edomvds></edom></attrdomv></attr><attr><attrlabl>State</attrlabl><attrdef>The name of the State or State equivalent in which the Congressional district is located.</attrdef><attrdefs>National Atlas of the United States</attrdefs><attrdomv><codesetd><codesetn>American National Standards Institute (ANSI) Codes for States, the District of Columbia,
Puerto Rico, and the Insular Areas of the United States</codesetn><codesets>U.S. Census Bureau</codesets></codesetd></attrdomv></attr><attr><attrlabl>State_fips</attrlabl><attrdef>The 2-digit FIPS code of the State or State equivalent.</attrdef><attrdefs>National Atlas of the United States</attrdefs><attrdomv><codesetd><codesetn>American National Standards Institute (ANSI) Codes for States, the District of Columbia,
Puerto Rico, and the Insular Areas of the United States</codesetn><codesets>U.S. Census Bureau</codesets></codesetd></attrdomv></attr><attr><attrlabl>Cong_dist</attrlabl><attrdef>The 2-digit code of the Congressional district, identifying a district within a State.  District
numbers were taken from the source data; single-district States are given the number 01.</attrdef><attrdefs>National Atlas of the United States</attrdefs><attrdomv><edom><edomv>00</edomv><edomvd>The area is a district or territory which has a non-voting member in the House of
Representatives.</edomvd><edomvds>National Atlas of the United States</edomvds></edom></attrdomv><attrdomv><rdom><rdommin>01</rdommin><rdommax>53</rdommax></rdom></attrdomv></attr><attr><attrlabl>Cong_rep</attrlabl><attrdef>The name of the Congressional representative for the district.</attrdef><attrdefs>National Atlas of the United States</attrdefs><attrdomv><edom><edomv>Vacant</edomv><edomvd>There is currently no representative for the district.</edomvd><edomvds>National Atlas of the United States</edomvds></edom></attrdomv><attrdomv><udom>There is no predefined set of valid representatives� names.</udom></attrdomv></attr><attr><attrlabl>Party_aff</attrlabl><attrdef>The party affiliation of the Congressional representative for the district.</attrdef><attrdefs>National Atlas of the United States</attrdefs><attrdomv><edom><edomv>Democrat</edomv><edomvd>The representative is affiliated with the Democratic party.</edomvd><edomvds>National Atlas of the United States</edomvds></edom></attrdomv><attrdomv><edom><edomv>Republican</edomv><edomvd>The representative is affiliated with the Republican party.</edomvd><edomvds>National Atlas of the United States</edomvds></edom></attrdomv><attrdomv><edom><edomv>Vacant</edomv><edomvd>There is currently no representative for the district.</edomvd><edomvds>National Atlas of the United States</edomvds></edom></attrdomv></attr><attr><attrlabl>Url</attrlabl><attrdef>The Uniform Resource Locator (URL) of the Congressional representative�s Web site.</attrdef><attrdefs>National Atlas of the United States</attrdefs><attrdomv><edom><edomv>Vacant</edomv><edomvd>There is currently no representative for the district.</edomvd><edomvds>National Atlas of the United States</edomvds></edom></attrdomv><attrdomv><udom>There is no predefined set of valid URLs.</udom></attrdomv></attr><attr><attrlabl>Senator_1</attrlabl><attrdef>The name of one of the senators representing the State in which the congressional district falls.</attrdef><attrdefs>National Atlas of the United States</attrdefs><attrdomv><edom><edomv>N/A</edomv><edomvd>The area does not have a senator.  The District of Columbia, Puerto Rico, and the U.S. Virgin
Islands have non-voting congressional representatives but do not have senators.</edomvd><edomvds>National Atlas of the United States</edomvds></edom></attrdomv><attrdomv><udom>There is no predefined set of valid senators' names.</udom></attrdomv></attr><attr><attrlabl>Sen1_party</attrlabl><attrdef>The party affiliation of the senator.</attrdef><attrdefs>National Atlas of the United States</attrdefs><attrdomv><edom><edomv>Democrat</edomv><edomvd>The senator is affiliated with the Democratic party.</edomvd><edomvds>National Atlas of the United States</edomvds></edom></attrdomv><attrdomv><edom><edomv>Republican</edomv><edomvd>The senator is affiliated with the Republican party.</edomvd><edomvds>National Atlas of the United States</edomvds></edom></attrdomv><attrdomv><edom><edomv>N/A</edomv><edomvd>The area does not have a senator.</edomvd><edomvds>National Atlas of the United States</edomvds></edom></attrdomv></attr><attr><attrlabl>Sen_1_url</attrlabl><attrdef>The Uniform Resource Locator (URL) of the senator's Web site.</attrdef><attrdefs>National Atlas of the United States</attrdefs><attrdomv><edom><edomv>N/A</edomv><edomvd>The area does not have a senator.</edomvd><edomvds>National Atlas of the United States</edomvds></edom></attrdomv><attrdomv><udom>There is no predefined set of valid URLs.</udom></attrdomv></attr><attr><attrlabl>Senator_2</attrlabl><attrdef>The name of the second of the senators representing the State in which the congressional district
falls.</attrdef><attrdefs>National Atlas of the United States</attrdefs><attrdomv><edom><edomv>N/A</edomv><edomvd>The area does not have a senator.  The District of Columbia, Puerto Rico, and the U.S. Virgin
Islands have non-voting congressional representatives but do not have senators.</edomvd><edomvds>National Atlas of the United States</edomvds></edom></attrdomv><attrdomv><udom>There is no predefined set of valid senators' names.</udom></attrdomv></attr><attr><attrlabl>Sen2_party</attrlabl><attrdef>The party affiliation of the senator.</attrdef><attrdefs>National Atlas of the United States</attrdefs><attrdomv><edom><edomv>Democrat</edomv><edomvd>The senator is affiliated with the Democratic party.</edomvd><edomvds>National Atlas of the United States</edomvds></edom></attrdomv><attrdomv><edom><edomv>Independent</edomv><edomvd>The senator is not affiliated with either the Democratic or the Republican party.</edomvd><edomvds>National Atlas of the United States</edomvds></edom></attrdomv><attrdomv><edom><edomv>Republican</edomv><edomvd>The senator is affiliated with the Republican party.</edomvd><edomvds>National Atlas of the United States</edomvds></edom></attrdomv><attrdomv><edom><edomv>N/A</edomv><edomvd>The area does not have a senator.</edomvd><edomvds>National Atlas of the United States</edomvds></edom></attrdomv></attr><attr><attrlabl>Sen_2_url</attrlabl><attrdef>The Uniform Resource Locator (URL) of the senator's Web site.</attrdef><attrdefs>National Atlas of the United States</attrdefs><attrdomv><edom><edomv>N/A</edomv><edomvd>The area does not have a senator.</edomvd><edomvds>National Atlas of the United States</edomvds></edom></attrdomv><attrdomv><udom>There is no predefined set of valid URLs.</udom></attrdomv></attr></detailed></eainfo><distinfo><distrib><cntinfo><cntorgp><cntorg>Earth Explorer, U.S. Geological Survey</cntorg></cntorgp><cntaddr><addrtype>Mailing address</addrtype><address>U.S. Geological Survey</address><address>47914 252nd Street</address><city>Sioux Falls</city><state>SD</state><postal>57198-0001</postal></cntaddr><cntvoice>605-594-6116</cntvoice><cntvoice>866-573-3222</cntvoice><cntemail>custserv@usgs.gov</cntemail></cntinfo></distrib><distliab>Although these data have been processed successfully on a computer system at the U.S. Geological
Survey, no warranty expressed or implied is made by the U.S. Geological Survey regarding the utility
of the data on any other system, nor shall the act of distribution constitute any such warranty.
No responsibility is assumed by the U.S. Geological Survey in the use of these data.</distliab><stdorder><digform><digtinfo><formname>ESRI Shapefile</formname></digtinfo><digtopt><onlinopt><computer><networka><networkr>http://nationalmap.gov/small_scale/atlasftp.html</networkr></networka></computer></onlinopt></digtopt></digform><digform><digtinfo><formname>ESRI File Geodatabase</formname></digtinfo><digtopt><onlinopt><computer><networka><networkr>http://nationalmap.gov/small_scale/atlasftp.html</networkr></networka></computer></onlinopt></digtopt></digform><fees>None</fees></stdorder></distinfo><metainfo><metd>20150421</metd><metc><cntinfo><cntorgp><cntorg>National Geospatial Program, The National Map Small Scale</cntorg></cntorgp><cntaddr><addrtype>Mailing address</addrtype><address>U.S. Geological Survey</address><address>511 National Center</address><address>12201 Sunrise Valley Drive</address><city>Reston</city><state>VA</state><postal>20192</postal></cntaddr><cntvoice>1-888-ASK-USGS (1-888-275-8747)</cntvoice><cntemail>tnm_help@usgs.gov</cntemail></cntinfo></metc><metstdn>FGDC Content Standard for Digital Geospatial Metadata</metstdn><metstdv>FGDC-STD-001-1998</metstdv><metsi><metscs>None</metscs><metsc>Unclassified</metsc><metshd>None</metshd></metsi></metainfo></metadata>