<?xml version="1.0" encoding="UTF-8"?>
<metadata xml:lang="en"><Esri><CreaDate>20151201</CreaDate><CreaTime>13301200</CreaTime><SyncOnce>FALSE</SyncOnce><DataProperties><itemProps><itemName Sync="TRUE">congressional_districts_3_11_2012</itemName><imsContentType Sync="TRUE">002</imsContentType><itemLocation><linkage Sync="TRUE">file://\\IGSKRDCNLT18599\D$\Arc_data\114Congress\Upload4_22_15\114thCongress-2015-04-22\114thCongress\cgd114p010g.gdb</linkage><protocol Sync="TRUE">Local Area Network</protocol></itemLocation><nativeExtBox><westBL Sync="TRUE">-179.147340</westBL><eastBL Sync="TRUE">179.778480</eastBL><southBL Sync="TRUE">18.911121</southBL><northBL Sync="TRUE">71.389210</northBL><exTypeCode Sync="TRUE">1</exTypeCode></nativeExtBox></itemProps><coordRef><type Sync="TRUE">Geographic</type><geogcsn Sync="TRUE">GCS_North_American_1983</geogcsn><csUnits Sync="TRUE">Angular Unit: Degree (0.017453)</csUnits><peXml Sync="TRUE">&lt;GeographicCoordinateSystem xsi:type='typens:GeographicCoordinateSystem' xmlns:xsi='http://www.w3.org/2001/XMLSchema-instance' xmlns:xs='http://www.w3.org/2001/XMLSchema' xmlns:typens='http://www.esri.com/schemas/ArcGIS/10.0'&gt;&lt;WKT&gt;GEOGCS[&amp;quot;GCS_North_American_1983&amp;quot;,DATUM[&amp;quot;D_North_American_1983&amp;quot;,SPHEROID[&amp;quot;GRS_1980&amp;quot;,6378137.0,298.257222101]],PRIMEM[&amp;quot;Greenwich&amp;quot;,0.0],UNIT[&amp;quot;Degree&amp;quot;,0.0174532925199433],AUTHORITY[&amp;quot;EPSG&amp;quot;,4269]]&lt;/WKT&gt;&lt;XOrigin&gt;-399.99999999999989&lt;/XOrigin&gt;&lt;YOrigin&gt;-399.99999999999989&lt;/YOrigin&gt;&lt;XYScale&gt;1000000000.0000001&lt;/XYScale&gt;&lt;ZOrigin&gt;-100000&lt;/ZOrigin&gt;&lt;ZScale&gt;10000&lt;/ZScale&gt;&lt;MOrigin&gt;-100000&lt;/MOrigin&gt;&lt;MScale&gt;10000&lt;/MScale&gt;&lt;XYTolerance&gt;8.9831528411952117e-009&lt;/XYTolerance&gt;&lt;ZTolerance&gt;0.001&lt;/ZTolerance&gt;&lt;MTolerance&gt;0.001&lt;/MTolerance&gt;&lt;HighPrecision&gt;true&lt;/HighPrecision&gt;&lt;LeftLongitude&gt;-180&lt;/LeftLongitude&gt;&lt;WKID&gt;4269&lt;/WKID&gt;&lt;/GeographicCoordinateSystem&gt;</peXml></coordRef><lineage><Process ToolSource="c:\arcgis\desktop10.0\ArcToolbox\Toolboxes\Data Management Tools.tbx\Eliminate" Date="20130222" Time="092750">Eliminate Districts D:\Arc_data\redistricting\districts113th_feb20_2012.gdb\features\Districts_eliminate LENGTH # #</Process><Process ToolSource="C:\ArcGIS\Desktop10.0\ArcToolbox\Toolboxes\Data Management Tools.tbx\CalculateField" Date="20130222" Time="101632">CalculateField Districts_eliminate CDist_FIPS "[STATE_FIPS] &amp; [CONG_DIST]" VB #</Process><Process ToolSource="C:\ArcGIS\Desktop10.0\ArcToolbox\Toolboxes\Data Management Tools.tbx\CalculateField" Date="20130226" Time="125609">CalculateField Districts_2_26_12 SENATOR_1 "N/A" VB #</Process><Process ToolSource="C:\ArcGIS\Desktop10.0\ArcToolbox\Toolboxes\Data Management Tools.tbx\CalculateField" Date="20130226" Time="125617">CalculateField Districts_2_26_12 SEN1_PARTY "N/A" VB #</Process><Process ToolSource="C:\ArcGIS\Desktop10.0\ArcToolbox\Toolboxes\Data Management Tools.tbx\CalculateField" Date="20130226" Time="125624">CalculateField Districts_2_26_12 SEN_1_URL "N/A" VB #</Process><Process ToolSource="C:\ArcGIS\Desktop10.0\ArcToolbox\Toolboxes\Data Management Tools.tbx\CalculateField" Date="20130226" Time="125632">CalculateField Districts_2_26_12 SENATOR_2 "N/A" VB #</Process><Process ToolSource="C:\ArcGIS\Desktop10.0\ArcToolbox\Toolboxes\Data Management Tools.tbx\CalculateField" Date="20130226" Time="125639">CalculateField Districts_2_26_12 SEN2_PARTY "N/A" VB #</Process><Process ToolSource="C:\ArcGIS\Desktop10.0\ArcToolbox\Toolboxes\Data Management Tools.tbx\CalculateField" Date="20130226" Time="125645">CalculateField Districts_2_26_12 SEN_2_URL "N/A" VB #</Process><Process ToolSource="C:\ArcGIS\Desktop10.0\ArcToolbox\Toolboxes\Data Management Tools.tbx\Eliminate" Date="20130227" Time="083604">Eliminate Districts_2_26_12 D:\Arc_data\redistricting\districts113th_feb20_2012.gdb\features\Districts_2_26_12_eliminate LENGTH # #</Process><Process ToolSource="C:\ArcGIS\Desktop10.0\ArcToolbox\Toolboxes\Data Management Tools.tbx\Eliminate" Date="20130227" Time="084637">Eliminate Districts_2_26_12_eliminate D:\Arc_data\redistricting\districts113th_feb20_2012.gdb\features\Districts_2_26_12_eliminate2 LENGTH # #</Process><Process ToolSource="C:\ArcGIS\Desktop10.0\ArcToolbox\Toolboxes\Data Management Tools.tbx\CalculateField" Date="20130228" Time="080706">CalculateField congressional_districts_2_28_2012 SEN1_PARTY "Republican" VB #</Process><Process ToolSource="C:\ArcGIS\Desktop10.0\ArcToolbox\Toolboxes\Data Management Tools.tbx\CalculateField" Date="20130228" Time="080812">CalculateField congressional_districts_2_28_2012 SEN1_PARTY "Democrat" VB #</Process><Process ToolSource="C:\ArcGIS\Desktop10.0\ArcToolbox\Toolboxes\Data Management Tools.tbx\CalculateField" Date="20130313" Time="123217">CalculateField Cong_districts_3_11_12 CDist_FIPS "[STATE_FIPS] &amp; [CONG_DIST]" VB #</Process><Process ToolSource="c:\arcgis\desktop10.0\ArcToolbox\Toolboxes\Conversion Tools.tbx\FeatureClassToFeatureClass" Date="20130315" Time="100207">FeatureClassToFeatureClass L:\Atlas\For_ChristyAnn\From_Dan_3_15_13\congressional_districts_3_11_2012.shp D:\Workspace\NationalAtlas\DATA\WORKING\Frameworks_Working.gdb\NationalAtlasLayers congressional_districts_3_11_2012 # "STATE "STATE" true true false 25 Text 0 0 ,First,#,L:\Atlas\For_ChristyAnn\From_Dan_3_15_13\congressional_districts_3_11_2012.shp,STATE,-1,-1;STATE_FIPS "STATE_FIPS" true true false 7 Text 0 0 ,First,#,L:\Atlas\For_ChristyAnn\From_Dan_3_15_13\congressional_districts_3_11_2012.shp,STATE_FIPS,-1,-1;CONG_DIST "CONG_DIST" true true false 4 Text 0 0 ,First,#,L:\Atlas\For_ChristyAnn\From_Dan_3_15_13\congressional_districts_3_11_2012.shp,CONG_DIST,-1,-1;CDist_FIPS "CDist_FIPS" true true false 254 Text 0 0 ,First,#,L:\Atlas\For_ChristyAnn\From_Dan_3_15_13\congressional_districts_3_11_2012.shp,CDist_FIPS,-1,-1;CONG_REP "CONG_REP" true true false 100 Text 0 0 ,First,#,L:\Atlas\For_ChristyAnn\From_Dan_3_15_13\congressional_districts_3_11_2012.shp,CONG_REP,-1,-1;PARTY_AFF "PARTY_AFF" true true false 15 Text 0 0 ,First,#,L:\Atlas\For_ChristyAnn\From_Dan_3_15_13\congressional_districts_3_11_2012.shp,PARTY_AFF,-1,-1;URL "URL" true true false 200 Text 0 0 ,First,#,L:\Atlas\For_ChristyAnn\From_Dan_3_15_13\congressional_districts_3_11_2012.shp,URL,-1,-1;SENATOR_1 "SENATOR_1" true true false 100 Text 0 0 ,First,#,L:\Atlas\For_ChristyAnn\From_Dan_3_15_13\congressional_districts_3_11_2012.shp,SENATOR_1,-1,-1;SEN1_PARTY "SEN1_PARTY" true true false 20 Text 0 0 ,First,#,L:\Atlas\For_ChristyAnn\From_Dan_3_15_13\congressional_districts_3_11_2012.shp,SEN1_PARTY,-1,-1;SEN_1_URL "SEN_1_URL" true true false 200 Text 0 0 ,First,#,L:\Atlas\For_ChristyAnn\From_Dan_3_15_13\congressional_districts_3_11_2012.shp,SEN_1_URL,-1,-1;SENATOR_2 "SENATOR_2" true true false 200 Text 0 0 ,First,#,L:\Atlas\For_ChristyAnn\From_Dan_3_15_13\congressional_districts_3_11_2012.shp,SENATOR_2,-1,-1;SEN2_PARTY "SEN2_PARTY" true true false 20 Text 0 0 ,First,#,L:\Atlas\For_ChristyAnn\From_Dan_3_15_13\congressional_districts_3_11_2012.shp,SEN2_PARTY,-1,-1;SEN_2_URL "SEN_2_URL" true true false 200 Text 0 0 ,First,#,L:\Atlas\For_ChristyAnn\From_Dan_3_15_13\congressional_districts_3_11_2012.shp,SEN_2_URL,-1,-1" #</Process><Process ToolSource="C:\ArcGIS\Desktop10.0\ArcToolbox\Toolboxes\Data Management Tools.tbx\CalculateField" Date="20130417" Time="104538">CalculateField cgd113p010g_4_17_13 SENATOR_2 "Amy Klobuchar" VB #</Process><Process ToolSource="C:\ArcGIS\Desktop10.0\ArcToolbox\Toolboxes\Data Management Tools.tbx\CalculateField" Date="20130417" Time="104758">CalculateField cgd113p010g_4_17_13 SENATOR_2 "Charles E. Schumer" VB #</Process><Process ToolSource="C:\ArcGIS\Desktop10.0\ArcToolbox\Toolboxes\Data Management Tools.tbx\CalculateField" Date="20130417" Time="104852">CalculateField cgd113p010g_4_17_13 SENATOR_2 "Claire McCaskillr" VB #</Process><Process ToolSource="C:\ArcGIS\Desktop10.0\ArcToolbox\Toolboxes\Data Management Tools.tbx\CalculateField" Date="20130417" Time="104943">CalculateField cgd113p010g_4_17_13 SENATOR_2 "Claire McCaskill" VB #</Process><Process ToolSource="C:\ArcGIS\Desktop10.0\ArcToolbox\Toolboxes\Data Management Tools.tbx\CalculateField" Date="20130417" Time="105016">CalculateField cgd113p010g_4_17_13 SENATOR_2 "Debbie Stabenow" VB #</Process><Process ToolSource="C:\ArcGIS\Desktop10.0\ArcToolbox\Toolboxes\Data Management Tools.tbx\CalculateField" Date="20130417" Time="105056">CalculateField cgd113p010g_4_17_13 SENATOR_2 "Dianne Feinstein" VB #</Process><Process ToolSource="C:\ArcGIS\Desktop10.0\ArcToolbox\Toolboxes\Data Management Tools.tbx\CalculateField" Date="20130417" Time="105124">CalculateField cgd113p010g_4_17_13 SENATOR_2 "Elizabeth Warren" VB #</Process><Process ToolSource="C:\ArcGIS\Desktop10.0\ArcToolbox\Toolboxes\Data Management Tools.tbx\CalculateField" Date="20130417" Time="105418">CalculateField cgd113p010g_4_17_13 SENATOR_2 " Johnny Isakson" VB #</Process><Process ToolSource="C:\ArcGIS\Desktop10.0\ArcToolbox\Toolboxes\Data Management Tools.tbx\CalculateField" Date="20130417" Time="105433">CalculateField cgd113p010g_4_17_13 SENATOR_2 "Johnny Isakson" VB #</Process><Process ToolSource="C:\ArcGIS\Desktop10.0\ArcToolbox\Toolboxes\Data Management Tools.tbx\CalculateField" Date="20130417" Time="105512">CalculateField cgd113p010g_4_17_13 SENATOR_2 "Kay R. Hagan" VB #</Process><Process ToolSource="C:\ArcGIS\Desktop10.0\ArcToolbox\Toolboxes\Data Management Tools.tbx\CalculateField" Date="20130417" Time="105601">CalculateField cgd113p010g_4_17_13 SENATOR_2 "Marco Rubio" VB #</Process><Process ToolSource="C:\ArcGIS\Desktop10.0\ArcToolbox\Toolboxes\Data Management Tools.tbx\CalculateField" Date="20130417" Time="105632">CalculateField cgd113p010g_4_17_13 SENATOR_2 "Mark Kirk" VB #</Process><Process ToolSource="C:\ArcGIS\Desktop10.0\ArcToolbox\Toolboxes\Data Management Tools.tbx\CalculateField" Date="20130417" Time="105709">CalculateField cgd113p010g_4_17_13 SENATOR_2 "Mark L. Pryor" VB #</Process><Process ToolSource="C:\ArcGIS\Desktop10.0\ArcToolbox\Toolboxes\Data Management Tools.tbx\CalculateField" Date="20130417" Time="110024">CalculateField cgd113p010g_4_17_13 SENATOR_2 "Mark R. Warner" VB #</Process><Process ToolSource="C:\ArcGIS\Desktop10.0\ArcToolbox\Toolboxes\Data Management Tools.tbx\CalculateField" Date="20130417" Time="110215">CalculateField cgd113p010g_4_17_13 SENATOR_2 "Patrick J. Toomey" VB #</Process><Process ToolSource="C:\ArcGIS\Desktop10.0\ArcToolbox\Toolboxes\Data Management Tools.tbx\CalculateField" Date="20130417" Time="110259">CalculateField cgd113p010g_4_17_13 SENATOR_2 "Patty Murray" VB #</Process><Process ToolSource="C:\ArcGIS\Desktop10.0\ArcToolbox\Toolboxes\Data Management Tools.tbx\CalculateField" Date="20130417" Time="110441">CalculateField cgd113p010g_4_17_13 SENATOR_2 "Rob Portman" VB #</Process><Process ToolSource="C:\ArcGIS\Desktop10.0\ArcToolbox\Toolboxes\Data Management Tools.tbx\CalculateField" Date="20130417" Time="110513">CalculateField cgd113p010g_4_17_13 SENATOR_2 "Robert Menendez" VB #</Process><Process ToolSource="C:\ArcGIS\Desktop10.0\ArcToolbox\Toolboxes\Data Management Tools.tbx\CalculateField" Date="20130417" Time="110657">CalculateField cgd113p010g_4_17_13 SENATOR_2 "Ted Cruz" VB #</Process><Process ToolSource="C:\ArcGIS\Desktop10.0\ArcToolbox\Toolboxes\Data Management Tools.tbx\CalculateField" Date="20150312" Time="092019">CalculateField cgd113p010g district2 "[STATE] &amp; " " &amp; [CONG_DIST]" VB #</Process><Process ToolSource="C:\ArcGIS\Desktop10.0\ArcToolbox\Toolboxes\Data Management Tools.tbx\CalculateField" Date="20150316" Time="064902">CalculateField cgd113p010g SENATOR_1 "Cory Gardner" VB #</Process><Process ToolSource="C:\ArcGIS\Desktop10.0\ArcToolbox\Toolboxes\Data Management Tools.tbx\CalculateField" Date="20150316" Time="065003">CalculateField cgd113p010g SEN1_PARTY "Republican" VB #</Process><Process ToolSource="C:\ArcGIS\Desktop10.0\ArcToolbox\Toolboxes\Data Management Tools.tbx\CalculateField" Date="20150316" Time="065059">CalculateField cgd113p010g SEN_1_URL "http://www.gardner.senate.gov/" VB #</Process><Process ToolSource="C:\ArcGIS\Desktop10.0\ArcToolbox\Toolboxes\Data Management Tools.tbx\CalculateField" Date="20150316" Time="070253">CalculateField cgd113p010g SENATOR_1 "David Perdue" VB #</Process><Process ToolSource="C:\ArcGIS\Desktop10.0\ArcToolbox\Toolboxes\Data Management Tools.tbx\CalculateField" Date="20150316" Time="070342">CalculateField cgd113p010g SEN_1_URL "http://www.perdue.senate.gov/" VB #</Process><Process ToolSource="C:\ArcGIS\Desktop10.0\ArcToolbox\Toolboxes\Data Management Tools.tbx\CalculateField" Date="20150316" Time="072357">CalculateField cgd113p010g SENATOR_2 "Joni Ernst" VB #</Process><Process ToolSource="C:\ArcGIS\Desktop10.0\ArcToolbox\Toolboxes\Data Management Tools.tbx\CalculateField" Date="20150316" Time="072453">CalculateField cgd113p010g SEN_1_URL "http://www.ernst.senate.gov/" VB #</Process><Process ToolSource="C:\ArcGIS\Desktop10.0\ArcToolbox\Toolboxes\Data Management Tools.tbx\CalculateField" Date="20150316" Time="072528">CalculateField cgd113p010g SEN2_PARTY "Republican" VB #</Process><Process ToolSource="C:\ArcGIS\Desktop10.0\ArcToolbox\Toolboxes\Data Management Tools.tbx\CalculateField" Date="20150316" Time="073017">CalculateField cgd113p010g SEN1_PARTY "Republican" VB #</Process><Process ToolSource="C:\ArcGIS\Desktop10.0\ArcToolbox\Toolboxes\Data Management Tools.tbx\CalculateField" Date="20150316" Time="073033">CalculateField cgd113p010g SENATOR_1 "Bill Cassidy" VB #</Process><Process ToolSource="C:\ArcGIS\Desktop10.0\ArcToolbox\Toolboxes\Data Management Tools.tbx\CalculateField" Date="20150316" Time="073141">CalculateField cgd113p010g SEN_1_URL "http://www.cassidy.senate.gov/content/contact-bill" VB #</Process><Process ToolSource="C:\ArcGIS\Desktop10.0\ArcToolbox\Toolboxes\Data Management Tools.tbx\CalculateField" Date="20150316" Time="073228">CalculateField cgd113p010g SEN_1_URL "http://www.cassidy.senate.gov/" VB #</Process><Process ToolSource="C:\ArcGIS\Desktop10.0\ArcToolbox\Toolboxes\Data Management Tools.tbx\CalculateField" Date="20150316" Time="074200">CalculateField cgd113p010g SENATOR_1 "Gary Peters" VB #</Process><Process ToolSource="C:\ArcGIS\Desktop10.0\ArcToolbox\Toolboxes\Data Management Tools.tbx\CalculateField" Date="20150316" Time="074312">CalculateField cgd113p010g SEN_1_URL "http://www.peters.senate.gov/" VB #</Process><Process ToolSource="C:\ArcGIS\Desktop10.0\ArcToolbox\Toolboxes\Data Management Tools.tbx\CalculateField" Date="20150316" Time="082116">CalculateField cgd113p010g SENATOR_2 "Thom Tillis" VB #</Process><Process ToolSource="C:\ArcGIS\Desktop10.0\ArcToolbox\Toolboxes\Data Management Tools.tbx\CalculateField" Date="20150316" Time="082148">CalculateField cgd113p010g SEN2_PARTY "Republican" VB #</Process><Process ToolSource="C:\ArcGIS\Desktop10.0\ArcToolbox\Toolboxes\Data Management Tools.tbx\CalculateField" Date="20150316" Time="082235">CalculateField cgd113p010g SEN_2_URL "http://www.tillis.senate.gov/" VB #</Process><Process ToolSource="C:\ArcGIS\Desktop10.0\ArcToolbox\Toolboxes\Data Management Tools.tbx\CalculateField" Date="20150316" Time="082914">CalculateField cgd113p010g SENATOR_1 "James Lankford" VB #</Process><Process ToolSource="C:\ArcGIS\Desktop10.0\ArcToolbox\Toolboxes\Data Management Tools.tbx\CalculateField" Date="20150316" Time="082943">CalculateField cgd113p010g SEN_1_URL "http://www.lankford.senate.gov/" VB #</Process><Process ToolSource="C:\ArcGIS\Desktop10.0\ArcToolbox\Toolboxes\Data Management Tools.tbx\CalculateField" Date="20150316" Time="084833">CalculateField cgd113p010g SENATOR_2 "Shelley Moore Capito" VB #</Process><Process ToolSource="C:\ArcGIS\Desktop10.0\ArcToolbox\Toolboxes\Data Management Tools.tbx\CalculateField" Date="20150316" Time="084901">CalculateField cgd113p010g SEN2_PARTY "Republican" VB #</Process><Process ToolSource="C:\ArcGIS\Desktop10.0\ArcToolbox\Toolboxes\Data Management Tools.tbx\CalculateField" Date="20150316" Time="084943">CalculateField cgd113p010g SEN_2_URL "http://www.capito.senate.gov/" VB #</Process><Process ToolSource="C:\ArcGIS\Desktop10.0\ArcToolbox\Toolboxes\Data Management Tools.tbx\CalculateField" Date="20150317" Time="140710">CalculateField cgd114p010g CONG_REP "Vacant" VB #</Process><Process ToolSource="C:\ArcGIS\Desktop10.0\ArcToolbox\Toolboxes\Data Management Tools.tbx\CalculateField" Date="20150317" Time="140719">CalculateField cgd114p010g PARTY_AFF "Vacant" VB #</Process><Process ToolSource="C:\ArcGIS\Desktop10.0\ArcToolbox\Toolboxes\Data Management Tools.tbx\CalculateField" Date="20150317" Time="140736">CalculateField cgd114p010g URL "Vacant" VB #</Process><Process ToolSource="C:\ArcGIS\Desktop10.0\ArcToolbox\Toolboxes\Data Management Tools.tbx\CalculateField" Date="20150330" Time="110051">CalculateField cgd114p010g SENATOR_1 !SENATOR_1!.lstrip() PYTHON_9.3 #</Process></lineage><copyHistory><copy source="L:\Atlas\For_Dan\CONGRESS\congressional_districts_2_28_2012" dest="\\IGSKRDCNWS17296\D$\Arc_data\redistricting\cnsusData\congressional_districts_2_28_2012" date="20130304" time="14390800"></copy></copyHistory></DataProperties><SyncDate>20130315</SyncDate><SyncTime>10020500</SyncTime><ModDate>20130315</ModDate><ModTime>10020500</ModTime><ArcGISFormat>1.0</ArcGISFormat><ArcGISstyle>XTools Pro Metadata</ArcGISstyle></Esri><dataIdInfo><envirDesc Sync="TRUE">Microsoft Windows 7 Version 6.1 (Build 7601) Service Pack 1; ESRI ArcGIS 10.0.4.4000</envirDesc><dataLang><languageCode value="eng" Sync="TRUE"></languageCode><countryCode value="USA" Sync="TRUE"></countryCode></dataLang><idCitation><resTitle Sync="TRUE">congressional_districts_3_11_2012</resTitle><presForm><PresFormCd value="005" Sync="TRUE"></PresFormCd></presForm></idCitation><spatRpType><SpatRepTypCd value="001" Sync="TRUE"></SpatRepTypCd></spatRpType><dataExt><geoEle><GeoBndBox esriExtentType="search"><exTypeCode Sync="TRUE">1</exTypeCode><westBL Sync="TRUE">-179.147340</westBL><eastBL Sync="TRUE">179.778480</eastBL><northBL Sync="TRUE">71.389210</northBL><southBL Sync="TRUE">18.911121</southBL></GeoBndBox></geoEle></dataExt></dataIdInfo><mdLang><languageCode value="eng" Sync="TRUE"></languageCode><countryCode value="USA" Sync="TRUE"></countryCode></mdLang><distInfo><distFormat><formatName Sync="TRUE">File Geodatabase Feature Class</formatName></distFormat></distInfo><mdHrLv><ScopeCd value="005" Sync="TRUE"></ScopeCd></mdHrLv><mdHrLvName Sync="TRUE">dataset</mdHrLvName><refSysInfo><RefSystem><refSysID><identCode code="4269" Sync="TRUE" value="4269"></identCode><idCodeSpace Sync="TRUE">EPSG</idCodeSpace><idVersion Sync="TRUE">7.4.1</idVersion></refSysID></RefSystem></refSysInfo><spatRepInfo><VectSpatRep><geometObjs Name="congressional_districts_3_11_2012"><geoObjTyp><GeoObjTypCd value="002" Sync="TRUE"></GeoObjTypCd></geoObjTyp><geoObjCnt Sync="TRUE">0</geoObjCnt></geometObjs><topLvl><TopoLevCd value="001" Sync="TRUE"></TopoLevCd></topLvl></VectSpatRep></spatRepInfo><spdoinfo><ptvctinf><esriterm><efeatyp Sync="TRUE">Simple</efeatyp><efeageom code="4" Sync="TRUE"></efeageom><esritopo Sync="TRUE">FALSE</esritopo><efeacnt Sync="TRUE">0</efeacnt><spindex Sync="TRUE">TRUE</spindex><linrefer Sync="TRUE">FALSE</linrefer></esriterm></ptvctinf></spdoinfo><eainfo><detailed Name="congressional_districts_3_11_2012"><enttyp><enttypl Sync="TRUE">congressional_districts_3_11_2012</enttypl><enttypt Sync="TRUE">Feature Class</enttypt><enttypc Sync="TRUE">0</enttypc></enttyp><attr><attrlabl Sync="TRUE">OBJECTID</attrlabl><attalias Sync="TRUE">OBJECTID</attalias><attrtype Sync="TRUE">OID</attrtype><attwidth Sync="TRUE">4</attwidth><atprecis Sync="TRUE">0</atprecis><attscale Sync="TRUE">0</attscale><attrdef Sync="TRUE">Internal feature number.</attrdef><attrdefs Sync="TRUE">ESRI</attrdefs><attrdomv><udom Sync="TRUE">Sequential unique whole numbers that are automatically generated.</udom></attrdomv></attr><attr><attrlabl Sync="TRUE">SHAPE</attrlabl><attalias Sync="TRUE">Shape</attalias><attrtype Sync="TRUE">Geometry</attrtype><attwidth Sync="TRUE">0</attwidth><atprecis Sync="TRUE">0</atprecis><attscale Sync="TRUE">0</attscale><attrdef Sync="TRUE">Feature geometry.</attrdef><attrdefs Sync="TRUE">ESRI</attrdefs><attrdomv><udom Sync="TRUE">Coordinates defining the features.</udom></attrdomv></attr><attr><attrlabl Sync="TRUE">CONG_DIST</attrlabl><attalias Sync="TRUE">CONG_DIST</attalias><attrtype Sync="TRUE">String</attrtype><attwidth Sync="TRUE">4</attwidth><atprecis Sync="TRUE">0</atprecis><attscale Sync="TRUE">0</attscale></attr><attr><attrlabl Sync="TRUE">SENATOR_1</attrlabl><attalias Sync="TRUE">SENATOR_1</attalias><attrtype Sync="TRUE">String</attrtype><attwidth Sync="TRUE">100</attwidth><atprecis Sync="TRUE">0</atprecis><attscale Sync="TRUE">0</attscale></attr><attr><attrlabl Sync="TRUE">SENATOR_2</attrlabl><attalias Sync="TRUE">SENATOR_2</attalias><attrtype Sync="TRUE">String</attrtype><attwidth Sync="TRUE">200</attwidth><atprecis Sync="TRUE">0</atprecis><attscale Sync="TRUE">0</attscale></attr><attr><attrlabl Sync="TRUE">PARTY_AFF</attrlabl><attalias Sync="TRUE">PARTY_AFF</attalias><attrtype Sync="TRUE">String</attrtype><attwidth Sync="TRUE">15</attwidth><atprecis Sync="TRUE">0</atprecis><attscale Sync="TRUE">0</attscale></attr><attr><attrlabl Sync="TRUE">CONG_REP</attrlabl><attalias Sync="TRUE">CONG_REP</attalias><attrtype Sync="TRUE">String</attrtype><attwidth Sync="TRUE">100</attwidth><atprecis Sync="TRUE">0</atprecis><attscale Sync="TRUE">0</attscale></attr><attr><attrlabl Sync="TRUE">URL</attrlabl><attalias Sync="TRUE">URL</attalias><attrtype Sync="TRUE">String</attrtype><attwidth Sync="TRUE">200</attwidth><atprecis Sync="TRUE">0</atprecis><attscale Sync="TRUE">0</attscale></attr><attr><attrlabl Sync="TRUE">SEN_1_URL</attrlabl><attalias Sync="TRUE">SEN_1_URL</attalias><attrtype Sync="TRUE">String</attrtype><attwidth Sync="TRUE">200</attwidth><atprecis Sync="TRUE">0</atprecis><attscale Sync="TRUE">0</attscale></attr><attr><attrlabl Sync="TRUE">SEN_2_URL</attrlabl><attalias Sync="TRUE">SEN_2_URL</attalias><attrtype Sync="TRUE">String</attrtype><attwidth Sync="TRUE">200</attwidth><atprecis Sync="TRUE">0</atprecis><attscale Sync="TRUE">0</attscale></attr><attr><attrlabl Sync="TRUE">SEN1_PARTY</attrlabl><attalias Sync="TRUE">SEN1_PARTY</attalias><attrtype Sync="TRUE">String</attrtype><attwidth Sync="TRUE">20</attwidth><atprecis Sync="TRUE">0</atprecis><attscale Sync="TRUE">0</attscale></attr><attr><attrlabl Sync="TRUE">STATE</attrlabl><attalias Sync="TRUE">STATE</attalias><attrtype Sync="TRUE">String</attrtype><attwidth Sync="TRUE">25</attwidth><atprecis Sync="TRUE">0</atprecis><attscale Sync="TRUE">0</attscale></attr><attr><attrlabl Sync="TRUE">STATE_FIPS</attrlabl><attalias Sync="TRUE">STATE_FIPS</attalias><attrtype Sync="TRUE">String</attrtype><attwidth Sync="TRUE">7</attwidth><atprecis Sync="TRUE">0</atprecis><attscale Sync="TRUE">0</attscale></attr><attr><attrlabl Sync="TRUE">CDist_FIPS</attrlabl><attalias Sync="TRUE">CDist_FIPS</attalias><attrtype Sync="TRUE">String</attrtype><attwidth Sync="TRUE">254</attwidth><atprecis Sync="TRUE">0</atprecis><attscale Sync="TRUE">0</attscale></attr><attr><attrlabl Sync="TRUE">SEN2_PARTY</attrlabl><attalias Sync="TRUE">SEN2_PARTY</attalias><attrtype Sync="TRUE">String</attrtype><attwidth Sync="TRUE">20</attwidth><atprecis Sync="TRUE">0</atprecis><attscale Sync="TRUE">0</attscale></attr><attr><attrlabl Sync="TRUE">SHAPE_Length</attrlabl><attalias Sync="TRUE">Shape_Length</attalias><attrtype Sync="TRUE">Double</attrtype><attwidth Sync="TRUE">8</attwidth><atprecis Sync="TRUE">0</atprecis><attscale Sync="TRUE">0</attscale><attrdef Sync="TRUE">Length of feature in internal units.</attrdef><attrdefs Sync="TRUE">ESRI</attrdefs><attrdomv><udom Sync="TRUE">Positive real numbers that are automatically generated.</udom></attrdomv></attr><attr><attrlabl Sync="TRUE">SHAPE_Area</attrlabl><attalias Sync="TRUE">Shape_Area</attalias><attrtype Sync="TRUE">Double</attrtype><attwidth Sync="TRUE">8</attwidth><atprecis Sync="TRUE">0</atprecis><attscale Sync="TRUE">0</attscale><attrdef Sync="TRUE">Area of feature in internal units squared.</attrdef><attrdefs Sync="TRUE">ESRI</attrdefs><attrdomv><udom Sync="TRUE">Positive real numbers that are automatically generated.</udom></attrdomv></attr></detailed></eainfo><mdDateSt Sync="TRUE">20130315</mdDateSt></metadata>
